"PHIE","logk","VOL_WETCLAY","SWE","rocktype"
0.224956,2.2339,0.162287,1,5
0.244194,2.44,0.167875,0.4342,5
0.277029,2.8606,0.139978,0.3877,5
0.308777,3.1863,0.139008,0.6272,4
0.277786,2.6478,0.243044,0.7037,4
0.250296,2.4319,0.202927,0.9673,5
0.302213,3.1928,0.111626,0.5736,5
0.345439,3.8493,0.042437,0.3096,5
0.362356,4.1422,0.017599,0.1967,5
0.357055,4.1099,0.015337,0.1661,5
0.342324,3.8337,0.039457,0.1896,5
0.335974,3.7111,0.053967,0.2018,5
0.332074,3.6698,0.055004,0.1849,5
0.336144,3.8061,0.033133,0.2053,5
0.32054,3.4981,0.07136,0.2086,5
0.213515,1.9217,0.248484,0.7847,5
0.250654,2.5133,0.167083,0.6177,5
0.290709,3.1016,0.102714,0.4933,5
0.313831,3.4005,0.080841,0.3598,5
0.318365,3.4134,0.090791,0.3467,5
0.315586,3.3576,0.100327,0.3297,5
0.309856,3.2906,0.103931,0.3015,5
0.287659,2.9623,0.143427,0.3608,5
0.259933,2.5543,0.194611,0.5507,5
0.332063,3.5688,0.083449,0.1196,5
0.335177,3.442,0.139266,0.1186,5
0.322126,3.2497,0.167453,0.2354,5
0.321311,3.2587,0.16009,0.3705,5
0.338245,3.5523,0.108566,0.4624,5
0.369251,4.1757,0.022034,0.3768,4
0.371894,4.2883,0.010134,0.2416,4
0.36591,4.1841,0.016272,0.1905,4
0.36606,4.1249,0.025661,0.1308,4
0.371513,4.225,0.017663,0.0926,4
0.371126,4.2777,0.010537,0.0788,4
0.360826,4.1884,0.010041,0.0827,5
0.350683,4.0459,0.016003,0.0849,5
0.344168,3.932,0.024045,0.0901,5
0.33604,3.7192,0.052119,0.0979,5
0.337584,3.6272,0.081657,0.1043,5
0.316974,3.3178,0.119374,0.0889,5
0.329401,3.5234,0.089766,0.1245,5
0.345604,3.8123,0.051438,0.2163,5
0.346232,3.8242,0.049959,0.2237,5
0.33447,3.6105,0.077742,0.1556,5
0.256981,2.3456,0.287644,1,5
0.286245,2.7853,0.217337,0.9286,5
0.286338,2.7635,0.228905,0.3983,5
0.251566,2.2469,0.310985,0.431,5
0.187704,1.2769,0.455216,1,5
0.15562,0.7581,0.524247,1,5
0.13584,0.412,0.572503,1,5
0.140821,0.503,0.558559,1,5
0.146104,0.566,0.569732,1,5
0.123179,0.1504,0.629076,1,5
0.110179,-0.0835,0.649828,1,5
0.085545,-0.6003,0.723184,1,5
0.090871,-0.4994,0.721133,1,5
0.104128,-0.2461,0.703678,1,5
0.137762,0.3826,0.620741,1,5
0.17621,1.0424,0.519834,1,5
0.181772,1.1356,0.503837,1,5
0.175188,1.0264,0.521809,1,5
0.153028,0.6442,0.586515,1,5
0.13499,0.3236,0.635868,1,5
0.134894,0.3211,0.636738,1,4
0.142932,0.47,0.611176,1,4
0.141392,0.4553,0.604645,1,4
0.146364,0.5557,0.581257,1,4
0.123821,0.1388,0.647636,1,4
0.12784,0.2029,0.646235,1,4
0.12687,0.1773,0.655454,1,4
0.1639,0.8501,0.541707,1,5
0.165727,0.9669,0.471188,1,5
0.071379,-0.8758,0.719896,1,4
0.080654,-0.6542,0.687321,1,5
0.095862,-0.3206,0.642188,1,5
0.099689,-0.2395,0.630483,1,5
0.061938,-1.1403,0.778595,1,5
0.069906,-0.9385,0.749557,1,5
0.069046,-0.9543,0.747566,1,4
0.087747,-0.5105,0.679193,1,4
0.07816,-0.7233,0.705523,1,4
0.073394,-0.8094,0.697179,1,4
0.032455,-1.9547,0.834109,1,4
0.014976,-2.6576,0.899428,1,5
0.012681,-2.7696,0.895624,1,5
0.197343,1.7471,0.236783,1,5
0.236482,2.4409,0.131455,0.5978,5
0.244143,2.6277,0.095036,0.3721,5
0.229707,2.4949,0.085163,0.3801,5
0.201773,2.0954,0.107864,0.5064,5
0.177821,1.6878,0.148054,0.6183,5
0.177814,1.625,0.175169,0.6347,5
0.204747,2.0152,0.153046,0.5322,5
0.25085,2.6776,0.10331,0.3955,5
0.288431,3.2294,0.057166,0.2096,5
0.319362,3.6107,0.040119,0.131,5
0.330715,3.7203,0.040149,0.1388,5
0.342737,3.8512,0.036615,0.1353,5
0.342266,3.7751,0.052869,0.124,5
0.338183,3.7113,0.0593,0.1612,5
0.334733,3.7192,0.049122,0.2057,5
0.323907,3.628,0.046107,0.1889,5
0.311379,3.5211,0.042598,0.1148,5
0.298124,3.3621,0.04873,0.0795,5
0.285621,3.1802,0.062533,0.0722,5
0.283708,3.1445,0.066904,0.0874,5
0.28978,3.2237,0.062305,0.0697,5
0.306067,3.4777,0.040552,0.0546,5
0.319884,3.6896,0.025779,0.0518,5
0.326794,3.807,0.017784,0.052,5
0.317805,3.5988,0.039402,0.057,5
0.315435,3.5675,0.041148,0.0526,5
0.312874,3.5237,0.045319,0.0496,5
0.31537,3.583,0.037701,0.0585,5
0.320188,3.677,0.02854,0.0634,5
0.325595,3.796,0.017707,0.0633,5
0.326866,3.7967,0.019403,0.0658,5
0.323276,3.7182,0.026532,0.07,5
0.318633,3.6018,0.040513,0.0694,5
0.323273,3.6532,0.039162,0.0707,5
0.324811,3.6564,0.041688,0.078,5
0.323369,3.6472,0.040652,0.0956,5
0.310556,3.4499,0.057765,0.1235,5
0.305607,3.3909,0.060348,0.1465,5
0.30445,3.3596,0.065692,0.1584,5
0.308971,3.4433,0.055432,0.1732,5
0.299267,3.2953,0.069139,0.1799,5
0.276588,2.9542,0.103186,0.2166,5
0.237274,2.2893,0.201627,0.2822,5
0.274901,2.7195,0.191911,0.4526,5
0.308356,3.268,0.106659,0.3478,5
0.314511,3.3921,0.085525,0.2578,5
0.313635,3.3967,0.081417,0.2559,5
0.30284,3.2425,0.096545,0.2828,5
0.288011,2.9968,0.131094,0.301,5
0.265336,2.6149,0.193437,0.373,5
0.263411,2.5665,0.206802,0.424,5
0.277161,2.7874,0.171613,0.4674,5
0.29585,3.0997,0.122294,0.4719,5
0.310119,3.3839,0.074832,0.3118,3
0.304442,3.2729,0.091768,0.2189,3
0.29229,3.0443,0.129638,0.2342,3
0.274661,2.7315,0.185156,0.3122,3
0.286959,2.9348,0.151806,0.3211,5
0.296041,3.0862,0.128173,0.2591,5
0.302589,3.1818,0.116991,0.2145,5
0.295274,3.041,0.143012,0.2355,5
0.285232,2.7994,0.205213,0.4483,3
0.305442,3.0915,0.164848,0.2799,3
0.213891,1.9508,0.235422,0.6779,3
0.265998,2.6496,0.180564,0.4646,5
0.282525,2.9799,0.116078,0.4059,1
0.29122,3.1596,0.085308,0.3781,1
0.286231,3.1217,0.081197,0.3506,1
0.269515,2.8656,0.108099,0.3263,1
0.32697,3.6903,0.038853,0.1055,1
0.324933,3.6435,0.04484,0.1092,1
0.324007,3.6228,0.047562,0.1231,1
0.322315,3.5857,0.052535,0.1183,1
0.324643,3.6221,0.049174,0.1193,1
0.330165,3.7408,0.034764,0.111,1
0.33178,3.7536,0.035312,0.098,1
0.332411,3.7121,0.045582,0.1074,1
0.338261,3.8051,0.037397,0.1145,1
0.340374,3.8552,0.031382,0.0997,1
0.341054,3.9014,0.024258,0.0881,1
0.337479,3.8486,0.027551,0.0929,1
0.327728,3.6462,0.050536,0.096,1
0.320035,3.4939,0.071147,0.0997,1
0.32507,3.5965,0.056532,0.1099,1
0.32527,3.6286,0.049073,0.1153,1
0.312992,3.4961,0.052165,0.1136,1
0.285514,3.1068,0.083501,0.2478,1
0.262321,2.7785,0.111761,0.3709,1
0.244654,2.4866,0.150067,0.37,1
0.237322,2.3007,0.19641,0.3572,1
0.250115,2.4662,0.18573,0.3674,1
0.268446,2.7532,0.146819,0.3915,1
0.270014,2.8309,0.122728,0.4014,1
0.253727,2.6274,0.133549,0.3979,1
0.227451,2.2319,0.175938,0.4033,1
0.196004,1.694,0.256297,0.4232,1
0.206748,1.8822,0.226501,0.7494,1
0.17345,1.3579,0.282505,0.8605,1
0.1829,1.5005,0.271577,0.8687,1
0.197972,1.7289,0.250602,0.7028,1
0.331588,3.5607,0.084574,0.4977,1
0.203452,1.8724,0.211255,0.6585,1
0.187946,1.6155,0.243975,0.728,1
0.240387,2.396,0.16849,0.5285,1
0.282491,2.9746,0.117902,0.2893,1
0.310902,3.3601,0.084409,0.1988,5
0.320745,3.5263,0.064008,0.154,4
0.314401,3.4525,0.067258,0.1709,4
0.303059,3.278,0.085697,0.246,4
0.309144,3.3645,0.077741,0.3682,4
0.323601,3.5596,0.062493,0.2798,4
0.324301,3.5204,0.075484,0.1094,4
0.319591,3.4737,0.075778,0.1249,4
0.309635,3.3358,0.088138,0.1784,4
0.316202,3.4587,0.070506,0.1921,4
0.329201,3.6568,0.051405,0.1469,1
0.341224,3.858,0.032395,0.1046,1
0.346131,3.8967,0.033843,0.1069,2
0.33925,3.8116,0.037994,0.1186,2
0.340842,3.8488,0.033478,0.1273,2
0.342878,3.8384,0.039582,0.108,2
0.348769,3.9081,0.036533,0.0637,2
0.353114,3.9668,0.032854,0.0579,2
0.355369,3.994,0.031634,0.0541,2
0.356862,4.059,0.022588,0.0546,2
0.352586,3.9991,0.025989,0.0499,2
0.347765,3.9548,0.025894,0.0576,2
0.344986,3.933,0.025172,0.0516,2
0.345056,3.9348,0.024975,0.0468,2
0.348765,3.9807,0.023094,0.0495,2
0.355318,4.0716,0.018442,0.0481,2
0.357422,4.0961,0.017701,0.0465,2
0.354204,4.052,0.019831,0.049,2
0.344902,3.9024,0.030529,0.0489,2
0.33861,3.7892,0.041502,0.0922,2
0.341697,3.7834,0.049525,0.1942,2
0.348697,3.8479,0.049816,0.1286,2
0.347576,3.7544,0.071781,0.1298,2
0.343802,3.6803,0.083384,0.1314,2
0.345195,3.6955,0.082719,0.1697,2
0.354229,3.8885,0.052438,0.1719,2
0.353468,3.8926,0.049722,0.1515,2
0.344152,3.7508,0.063791,0.1415,2
0.342494,3.7303,0.065131,0.1609,2
0.350079,3.906,0.039527,0.146,2
0.352704,3.9573,0.033977,0.1382,2
0.345251,3.7907,0.055999,0.1397,2
0.322297,3.4138,0.10349,0.1655,4
0.294676,3.0383,0.141643,0.2567,4
0.269295,2.7447,0.154171,0.3407,4
0.251791,2.5425,0.159823,0.3867,4
0.242363,2.4055,0.174115,0.4219,4
0.243432,2.4139,0.17572,0.3509,4
0.251758,2.5626,0.151112,0.3361,4
0.254706,2.6563,0.126491,0.3482,4
0.253466,2.677,0.113699,0.2792,5
0.250195,2.6362,0.1155,0.2362,5
0.254157,2.7022,0.107393,0.2181,5
0.260582,2.7973,0.098632,0.1998,5
0.267281,2.8918,0.09113,0.174,5
0.271683,2.949,0.08776,0.1684,5
0.276875,3.0286,0.079948,0.1694,5
0.280022,3.0522,0.082785,0.1617,5
0.289595,3.1736,0.075946,0.163,5
0.299187,3.3199,0.06212,0.1837,5
0.306355,3.4515,0.047093,0.1783,4
0.295585,3.2756,0.064274,0.1452,4
0.287295,3.1501,0.075935,0.1829,4
0.283499,3.1264,0.071396,0.1916,4
0.283361,3.1235,0.071847,0.1895,5
0.28396,3.1234,0.073667,0.182,5
0.286414,3.1503,0.073195,0.1711,5
0.287529,3.1678,0.07146,0.156,5
0.291087,3.2182,0.067477,0.1414,5
0.291585,3.2291,0.065879,0.1352,5
0.29149,3.2407,0.062442,0.1338,5
0.292385,3.2535,0.061444,0.1306,5
0.293087,3.2621,0.06107,0.1121,3
0.297165,3.3174,0.057411,0.1007,3
0.29801,3.3149,0.060301,0.1009,3
0.295999,3.2457,0.07392,0.1272,3
0.302972,3.3612,0.061254,0.1425,3
0.300023,3.3048,0.068595,0.1185,1
0.304147,3.3939,0.055791,0.1112,1
0.303249,3.3883,0.054923,0.1098,1
0.308401,3.4599,0.049935,0.1049,1
0.312299,3.4954,0.050681,0.0983,1
0.314473,3.5,0.054814,0.0918,1
0.312869,3.4589,0.061394,0.0873,1
0.311759,3.4421,0.062973,0.0831,1
0.318223,3.6004,0.039946,0.0701,1
0.310514,3.4559,0.056108,0.0528,1
0.313637,3.5335,0.044807,0.06,1
0.327091,3.7478,0.027813,0.0512,1
0.326609,3.7257,0.031039,0.0549,1
0.326497,3.696,0.036713,0.0568,1
0.329235,3.7272,0.035725,0.0548,1
0.334071,3.8407,0.023344,0.0532,1
0.335068,3.8929,0.016847,0.0528,3
0.333969,3.8724,0.018278,0.0521,3
0.330684,3.7817,0.027934,0.0496,3
0.332272,3.8351,0.021473,0.0477,3
0.330005,3.8285,0.019151,0.0491,3
0.323101,3.6936,0.030698,0.0515,5
0.320036,3.6183,0.039892,0.0513,5
0.315455,3.5144,0.053636,0.0525,5
0.315654,3.5333,0.049484,0.0514,5
0.311515,3.4927,0.049464,0.0546,5
0.309808,3.5086,0.041924,0.0592,5
0.30475,3.4073,0.053919,0.0595,5
0.311539,3.5419,0.038422,0.0525,5
0.315355,3.6101,0.032229,0.0514,5
0.31617,3.5766,0.040733,0.051,5
0.322951,3.6068,0.048925,0.0546,5
0.341194,3.8486,0.034186,0.0691,5
0.35265,4.0544,0.017357,0.0556,5
0.347162,4.0038,0.017292,0.0508,5
0.334144,3.7932,0.031947,0.0529,3
0.324819,3.6486,0.043424,0.0505,3
0.327253,3.7325,0.030921,0.0465,3
0.319752,3.6116,0.040745,0.0499,3
0.317917,3.6101,0.037253,0.0525,3
0.315725,3.583,0.038447,0.054,3
0.318308,3.6576,0.028736,0.0491,5
0.319615,3.7041,0.022892,0.0483,5
0.311746,3.547,0.037783,0.0544,5
0.305487,3.4392,0.047948,0.0481,5
0.304061,3.3779,0.059696,0.0476,5
0.314938,3.5102,0.053418,0.0475,5
0.325901,3.6073,0.055828,0.0477,5
0.333066,3.7422,0.040266,0.0524,5
0.329994,3.764,0.029962,0.0534,5
0.313929,3.5568,0.040275,0.0493,5
0.309407,3.4909,0.045002,0.0453,5
0.311662,3.5362,0.03989,0.0499,5
0.317953,3.6482,0.02982,0.0503,5
0.314581,3.5725,0.038282,0.0471,5
0.314836,3.5616,0.041153,0.0505,5
0.318931,3.6444,0.032354,0.0543,5
0.321007,3.6785,0.029725,0.0532,5
0.326085,3.8112,0.016228,0.0519,5
0.328401,3.8588,0.012953,0.0679,5
0.325924,3.781,0.020398,0.1831,5
0.321893,3.7348,0.021519,0.3504,5
0.316073,3.6602,0.024427,0.5755,5
0.304992,3.4436,0.045785,0.6842,5
0.302944,3.4195,0.046617,0.7556,5
0.303662,3.4623,0.038704,0.8642,5
0.290849,3.1814,0.077445,0.9077,5
0.310958,3.3352,0.092568,0.6356,5
0.179653,1.4886,0.254928,0.8488,5
0.132298,0.6672,0.348654,1,5
0.146459,0.9117,0.326455,0.9927,5
0.193008,1.5308,0.329485,0.9745,5
0.268696,2.6793,0.18012,0.5824,1
0.323928,3.4475,0.097388,0.2577,1
0.34041,3.589,0.102861,0.1279,1
0.317029,3.3187,0.119241,0.156,1
0.325904,3.4646,0.098077,0.2677,1
0.336008,3.6374,0.0741,0.2994,1
0.349806,3.8942,0.041547,0.2023,1
0.352345,3.946,0.03558,0.1856,1
0.359116,3.8879,0.064316,0.2014,1
0.320313,3.3788,0.109009,0.5925,1
0.194982,1.7143,0.238574,0.8124,1
0.12026,0.4582,0.362982,1,1
0.130031,0.6607,0.331091,1,1
0.171113,1.3638,0.261728,0.8463,1
0.239752,2.4261,0.152417,0.5672,1
0.29271,3.1402,0.09654,0.2966,1
0.324371,3.5819,0.058562,0.2901,1
0.276575,2.7444,0.188478,0.1554,1
0.324416,3.6635,0.039323,0.2289,1
0.249934,2.8158,0.058347,0.1737,1
0.206358,2.1266,0.116786,0.1976,1
0.179929,1.648,0.177246,0.2108,1
0.211885,1.857,0.273344,0.55,1
0.245702,2.3021,0.243088,0.4887,1
0.26566,2.552,0.226161,0.4302,1
0.240753,2.2454,0.24382,0.7286,1
0.262211,2.5678,0.199907,0.5575,1
0.274729,2.7198,0.190936,0.3805,1
0.282814,2.8012,0.19232,0.3724,1
0.302398,3.0923,0.151489,0.4155,1
0.300487,3.057,0.158321,0.3248,1
0.30224,3.1077,0.144453,0.3119,2
0.18329,1.5148,0.266381,0.9639,2
0.185314,1.5455,0.263789,0.8858,2
0.174174,1.363,0.28504,0.9364,2
0.169764,1.2764,0.301356,0.7209,2
0.188903,1.581,0.269425,0.7059,2
0.20989,1.8822,0.246368,0.7151,2
0.244366,2.3732,0.199578,0.5078,2
0.270466,2.7315,0.165196,0.4818,2
0.282396,2.8706,0.159098,0.4295,2
0.285256,2.8946,0.161472,0.4021,2
0.292282,2.9933,0.150158,0.3616,2
0.304037,3.1947,0.117579,0.3358,2
0.306566,3.2182,0.11821,0.38,2
0.312166,3.2873,0.113228,0.3781,2
0.305178,3.1577,0.136137,0.3263,2
0.289342,2.9222,0.167753,0.315,2
0.274199,2.6925,0.201291,0.4396,2
0.275819,2.7163,0.198027,0.4847,2
0.293368,2.9494,0.173937,0.323,2
0.32904,3.4705,0.106415,0.2759,2
0.354413,3.8922,0.051945,0.2774,2
0.367255,4.1757,0.019228,0.1878,2
0.364881,4.1054,0.027186,0.1682,2
0.370538,4.1423,0.02983,0.0918,2
0.370235,4.0747,0.043113,0.1242,2
0.366338,4.0221,0.047046,0.1741,2
0.364267,4.0907,0.028822,0.1515,1
0.359307,4.0348,0.030778,0.1012,1
0.352386,3.95,0.034849,0.1542,1
0.338544,3.6885,0.066386,0.1323,1
0.340155,3.6748,0.074662,0.1621,1
0.341727,3.6073,0.100865,0.1965,1
0.353012,3.7574,0.086155,0.17,1
0.363504,3.9598,0.055949,0.1911,1
0.341381,3.6515,0.08528,0.1924,1
0.298328,3.0017,0.173028,0.1406,1
0.255043,2.362,0.266409,0.2249,1
0.273587,2.6592,0.214478,0.4433,1
0.316326,3.3054,0.121621,0.3428,1
0.330285,3.5194,0.093832,0.217,1
0.292694,2.958,0.167067,0.1667,1
0.259843,2.4921,0.224818,0.2447,1
0.284396,2.8834,0.162468,0.4444,1
0.339685,3.7549,0.051835,0.3424,1
0.369232,4.2318,0.013947,0.1599,1
0.371078,4.1548,0.028418,0.0747,1
0.3357,3.5216,0.110893,0.0869,1
0.288287,2.8121,0.214431,0.1956,1
0.27227,2.7559,0.162849,0.3974,1
0.287421,2.9139,0.162775,0.1415,1
0.270992,2.6634,0.199001,0.2302,1
0.233174,2.1398,0.254493,0.4823,1
0.252767,2.5104,0.178765,0.394,1
0.267405,2.692,0.168245,0.3346,1
0.304845,3.218,0.112022,0.2562,1
0.303597,3.1421,0.136041,0.2396,1
0.314341,3.2999,0.116433,0.3234,1
0.319754,3.369,0.110563,0.2115,1
0.342133,3.747,0.059719,0.265,1
0.357672,3.9893,0.036805,0.1537,1
0.360594,3.9927,0.041798,0.1088,1
0.358027,3.9017,0.057978,0.0847,1
0.32015,3.2902,0.142169,0.2083,1
0.299511,3.0146,0.172607,0.3175,1
0.286931,2.8819,0.174688,0.3045,1
0.299335,3.1584,0.113592,0.4593,1
0.312555,3.4523,0.062334,0.2193,1
0.312987,3.4817,0.055745,0.1451,1
0.312999,3.4241,0.071417,0.1517,1
0.313049,3.3494,0.094697,0.1686,1
0.314427,3.3142,0.111522,0.1633,1
0.314244,3.294,0.118248,0.1503,1
0.321551,3.4187,0.099321,0.1662,1
0.32144,3.4261,0.096478,0.1701,1
0.320393,3.4026,0.100996,0.1618,1
0.317841,3.3705,0.103454,0.1545,1
0.296033,3.0944,0.124984,0.2183,1
0.289082,3.0119,0.129501,0.2359,1
0.266032,2.675,0.169296,0.2328,1
0.210658,1.9063,0.2385,0.5562,1
0.177752,1.3317,0.331869,0.687,1
0.246842,2.3809,0.209219,0.3344,1
0.315759,3.3654,0.098233,0.1933,1
0.35226,3.9312,0.038475,0.1225,1
0.362938,4.1356,0.019335,0.0746,1
0.357576,4.0572,0.023962,0.065,1
0.354103,3.973,0.033444,0.0734,1
0.348141,3.8364,0.051331,0.0748,1
0.350544,3.8795,0.046402,0.0619,1
0.35664,4.0243,0.02817,0.0558,1
0.360179,4.1981,0.008426,0.0558,1
0.352069,4.0057,0.024056,0.0488,1
0.348776,3.9811,0.023061,0.0467,1
0.337106,3.8206,0.032102,0.0534,1
0.323337,3.6228,0.046038,0.0512,1
0.317133,3.5668,0.045031,0.0513,1
0.323299,3.6892,0.031912,0.0673,1
0.333391,3.8803,0.016373,0.063,1
0.336295,3.8921,0.018631,0.047,1
0.328611,3.6654,0.047978,0.0451,1
0.325633,3.6084,0.054898,0.0558,1
0.319887,3.5213,0.063104,0.1499,1
0.329796,3.7995,0.023391,0.2069,1
0.324864,3.7296,0.027227,0.1313,1
0.315522,3.5614,0.042698,0.0599,1
0.305444,3.3676,0.066213,0.0491,1
0.311627,3.4877,0.050927,0.0533,1
0.317019,3.5885,0.039972,0.0536,1
0.320235,3.6493,0.033879,0.045,1
0.323835,3.6841,0.033911,0.0444,1
0.331046,3.7446,0.035702,0.0514,1
0.35363,4.0473,0.019729,0.0362,5
0.36189,4.1292,0.018861,0.0366,5
0.369669,4.1763,0.022539,0.0371,5
0.382299,4.3657,0.011934,0.0404,5
0.383917,4.4035,0.009346,0.0346,5
0.372704,4.2137,0.020967,0.0353,5
0.357981,3.9883,0.03759,0.0347,5
0.352377,3.9338,0.038156,0.0328,5
0.356535,4.0406,0.025147,0.0325,3
0.355284,4.0825,0.016843,0.0352,5
0.347303,4.0207,0.015157,0.0351,3
0.339299,3.9195,0.018784,0.0387,3
0.334371,3.781,0.034775,0.04,3
0.338969,3.8481,0.030221,0.035,3
0.341911,3.9137,0.023546,0.0366,3
0.342007,3.9759,0.014504,0.0376,3
0.33678,3.8942,0.018999,0.0388,3
0.330611,3.7798,0.028148,0.0392,3
0.329013,3.7305,0.034615,0.0347,3
0.329923,3.7265,0.037224,0.0333,3
0.338811,3.8943,0.021957,0.0424,3
0.337912,3.8699,0.024552,0.0515,3
0.33461,3.8341,0.025318,0.0415,3
0.327057,3.7008,0.036831,0.0365,3
0.329514,3.7614,0.029595,0.0378,3
0.33236,3.7765,0.031874,0.0386,3
0.340902,3.9079,0.022951,0.0401,3
0.343163,3.9598,0.018223,0.0499,3
0.34519,3.9951,0.015932,0.0555,3
0.340331,3.8453,0.033219,0.0477,3
0.338329,3.7538,0.049005,0.0445,5
0.34283,3.8296,0.041389,0.0565,5
0.341494,3.8557,0.033338,0.0685,5
0.339108,3.8424,0.031552,0.0688,5
0.336493,3.7888,0.037307,0.0627,5
0.338613,3.7817,0.04318,0.0411,5
0.343179,3.8699,0.033679,0.0412,5
0.345527,3.9688,0.020192,0.0462,5
0.343148,3.9364,0.021754,0.0533,1
0.341544,3.904,0.024595,0.0513,1
0.339702,3.857,0.029854,0.047,1
0.333621,3.663,0.060593,0.0784,1
0.338409,3.7035,0.061924,0.0731,4
0.353473,3.935,0.040062,0.0584,4
0.355567,3.9582,0.039251,0.0883,4
0.361084,4.0775,0.025983,0.0644,4
0.354061,3.933,0.041706,0.0677,4
0.3513,3.8681,0.050779,0.3687,4
0.239431,2.4764,0.130573,0.4076,4
0.189419,1.7624,0.180545,0.5075,4
0.167625,1.4431,0.196902,0.5578,4
0.147894,1.1239,0.219179,0.6536,4
0.135992,0.9207,0.234151,0.7158,4
0.12919,0.7657,0.262098,0.7184,4
0.14273,0.9922,0.248914,0.6972,5
0.176281,1.5143,0.218421,0.6061,1
0.228595,2.2671,0.166148,0.4017,1
0.276671,2.9159,0.117183,0.1842,1
0.306747,3.2762,0.098298,0.0862,5
0.337548,3.7442,0.049536,0.069,5
0.350044,3.8903,0.042896,0.0553,5
0.360101,4.0363,0.031889,0.0502,5
0.362139,4.026,0.037692,0.0505,5
0.375815,4.3143,0.011175,0.0452,5
0.3737,4.2891,0.011881,0.0419,5
0.37033,4.2522,0.012659,0.0439,5
0.367681,4.2527,0.009854,0.0418,5
0.365011,4.2087,0.012071,0.0385,5
0.361234,4.1338,0.017322,0.0393,5
0.353209,3.9607,0.034241,0.0399,5
0.346579,3.8309,0.049129,0.0387,5
0.350625,3.8812,0.046182,0.0378,5
0.356978,3.9816,0.03706,0.0384,5
0.367375,4.1682,0.020537,0.0374,5
0.373718,4.3041,0.010202,0.0375,5
0.370537,4.2095,0.018626,0.04,5
0.366099,4.1556,0.020685,0.0396,5
0.355383,3.9776,0.034874,0.0384,5
0.35291,3.9706,0.031761,0.0389,4
0.354609,4.0211,0.025432,0.0386,4
0.3614,4.1926,0.010158,0.0371,4
0.360208,4.1991,0.008348,0.0372,4
0.36121,4.2392,0.00559,0.0387,4
0.359265,4.1018,0.019353,0.0408,4
0.357216,3.987,0.036417,0.0457,4
0.358208,3.9934,0.03698,0.0519,4
0.356317,3.945,0.043665,0.0524,4
0.359807,4.0055,0.037517,0.0634,4
0.373488,4.2965,0.010812,0.0515,2
0.373596,4.3001,0.010525,0.0444,2
0.370518,4.2321,0.015429,0.0409,2
0.369519,4.1725,0.022936,0.0402,2
0.374187,4.2213,0.021871,0.0406,2
0.374728,4.225,0.022052,0.0409,2
0.378857,4.3889,0.006429,0.041,2
0.37355,4.2588,0.015522,0.0408,2
0.371586,4.227,0.01747,0.0409,5
0.366007,4.1236,0.025802,0.041,5
0.363387,4.0701,0.031169,0.0391,5
0.368463,4.1656,0.022507,0.0395,5
0.361093,4.0778,0.02596,0.0488,5
0.355413,3.995,0.031514,0.0618,5
0.360281,4.1304,0.01658,0.0487,5
0.361464,4.1658,0.013351,0.0553,5
0.365024,4.2238,0.010366,0.0563,5
0.36005,4.0709,0.025497,0.0402,5
0.354797,3.9644,0.036465,0.0399,5
0.351053,3.9199,0.038499,0.0417,5
0.350391,3.9208,0.037024,0.0399,5
0.35592,4.016,0.028484,0.0401,5
0.357258,4.0491,0.02483,0.0423,5
0.358985,4.1054,0.018448,0.0408,5
0.358706,4.1212,0.015859,0.0396,5
0.35962,4.1489,0.013349,0.0398,5
0.352473,4.0061,0.024622,0.0405,5
0.347783,3.9363,0.029231,0.0404,5
0.345579,3.919,0.028627,0.0415,5
0.346446,3.9311,0.027893,0.0423,5
0.353577,4.082,0.014772,0.0413,5
0.35449,4.0838,0.015646,0.0417,5
0.350228,3.9688,0.02748,0.0419,5
0.345794,3.8973,0.033101,0.0433,5
0.345886,3.8995,0.032846,0.0436,5
0.349183,3.9713,0.025324,0.0433,5
0.349737,3.9756,0.025473,0.0432,5
0.350742,4.0124,0.020973,0.0445,5
0.350071,4.0051,0.021144,0.0426,5
0.342513,3.8302,0.040606,0.0412,5
0.338421,3.785,0.042036,0.0499,5
0.331291,3.6806,0.050496,0.1323,5
0.330566,3.6791,0.049179,0.231,5
0.331874,3.6657,0.055571,0.3019,5
0.33362,3.6821,0.055626,0.3928,5
0.334992,3.7108,0.051744,0.4954,5
0.335071,3.7264,0.048161,0.5467,5
0.343332,3.8822,0.03155,0.5074,5
0.350686,3.9802,0.026209,0.517,5
0.356074,4.07,0.019726,0.5327,5
0.359503,4.1322,0.015356,0.5387,5
0.357988,4.1125,0.016146,0.5601,5
0.356967,4.0723,0.02063,0.5426,5
0.359741,4.1823,0.009633,0.544,5
0.359295,4.1524,0.012555,0.583,5
0.354794,4.0571,0.01989,0.5572,5
0.352441,3.977,0.029729,0.5072,5
0.353509,3.9761,0.031771,0.5491,5
0.358446,4.0408,0.028199,0.5983,5
0.36405,4.2063,0.011336,0.5956,5
0.357898,4.1098,0.016392,0.5347,5
0.357614,4.1719,0.008687,0.5184,5
0.353556,4.1092,0.011398,0.5088,5
0.35111,4.1395,0.006116,0.5164,5
0.342549,3.9,0.026918,0.5594,2
0.34363,3.9498,0.020381,0.5603,2
0.343883,3.9245,0.024853,0.5144,2
0.345266,4.0108,0.013965,0.5267,2
0.342572,3.9429,0.019914,0.5461,2
0.343523,3.9704,0.017193,0.5568,2
0.340056,3.8754,0.027113,0.5745,2
0.333305,3.717,0.046427,0.5984,2
0.335734,3.7557,0.042889,0.6152,2
0.341852,3.8556,0.034026,0.5783,2
0.350105,4.0683,0.012446,0.5545,2
0.347752,4.081,0.008629,0.5363,2
0.338707,3.9143,0.018728,0.5377,2
0.342446,4.0387,0.007895,0.5467,2
0.342737,3.9595,0.017691,0.5399,2
0.342208,3.9112,0.024434,0.5578,2
0.335482,3.6819,0.060298,0.5951,2
0.326775,3.4799,0.095736,0.599,2
0.323095,3.3728,0.121072,0.6406,2
0.338343,3.5975,0.093421,0.6641,2
0.364356,4.0674,0.033404,0.5882,2
0.373317,4.2644,0.014516,0.58,2
0.374026,4.2995,0.011018,0.5889,2
0.367662,4.2105,0.014862,0.5745,2
0.357116,4.036,0.026873,0.5874,2
0.337546,3.6692,0.069139,0.6029,2
0.331764,3.603,0.072332,0.6206,2
0.339535,3.7452,0.0539,0.6261,2
0.349916,3.9431,0.031699,0.5929,2
0.355091,3.9791,0.034032,0.553,2
0.358346,4.0295,0.030108,0.5825,2
0.356951,3.9734,0.038747,0.5995,2
0.367069,4.2056,0.014806,0.5856,2
0.367273,4.1874,0.017544,0.5909,2
0.364652,4.2266,0.009702,0.5745,5
0.358555,4.1428,0.012896,0.5663,5
0.353637,4.059,0.018015,0.5884,5
0.352994,4.0645,0.016397,0.6118,5
0.353435,4.042,0.020271,0.6551,5
0.352603,4.0094,0.024262,0.6187,5
0.355201,4.0571,0.020452,0.5876,5
0.356729,4.1002,0.016238,0.5998,5
0.351356,4.0411,0.01755,0.6333,5
0.342892,3.8991,0.027665,0.6225,5
0.344925,3.9416,0.023625,0.5636,5
0.354132,4.0992,0.013227,0.5612,5
0.35327,4.0486,0.019034,0.6073,5
0.348953,3.9857,0.022566,0.6612,5
0.337252,3.7982,0.036852,0.6521,1
0.336063,3.8223,0.02989,0.5933,1
0.334423,3.8094,0.029386,0.5922,1
0.333933,3.7706,0.036039,0.579,1
0.333703,3.7409,0.041873,0.6237,1
0.33551,3.7287,0.048599,0.5977,1
0.343756,3.8425,0.040473,0.6176,1
0.357455,4.0642,0.022631,0.5949,1
0.362181,4.1373,0.018074,0.5868,1
0.360763,4.0791,0.025212,0.5972,1
0.355075,3.9788,0.034075,0.6128,1
0.358221,4.0955,0.018866,0.6105,1
0.356959,4.1486,0.010503,0.612,5
0.349665,3.9642,0.027362,0.6108,5
0.348758,3.9704,0.024814,0.6157,5
0.345376,3.9331,0.025785,0.6102,5
0.342082,3.9405,0.01957,0.6032,4
0.315651,3.4657,0.066998,0.6018,4
0.243654,2.3098,0.227144,0.4861,4
0.239243,2.2946,0.209909,0.4639,4
0.24402,2.4134,0.178926,0.4468,4
0.217001,1.9352,0.263666,0.3995,4
0.047897,-1.4685,0.775877,1,5
0.049725,-1.3936,0.748237,1,5
0.060302,-1.0783,0.687793,1,5
0.067435,-0.8857,0.655311,1,5
0.073273,-0.7486,0.641453,1,1
0.080378,-0.5919,0.628225,1,1
0.086717,-0.4536,0.613388,1,1
0.080031,-0.6207,0.647116,1,1
0.065,-1.0031,0.713395,1,1
0.062231,-1.0794,0.727844,1,1
0.068233,-0.9205,0.700784,1,1
0.058384,-1.1713,0.73303,1,1
0.055279,-1.2041,0.69719,1,1
0.059316,-1.0947,0.682661,1,1
0.069209,-0.8315,0.640518,1,1
0.146836,0.7518,0.436193,1,1
0.179782,1.2138,0.42748,1,1
0.014098,-2.699,0.903711,1,1
0.115299,0.1592,0.51934,1,1
0.106695,-0.0763,0.594206,1,1
0.039567,-1.71,0.797754,1,1
0.103722,-0.1392,0.604575,1,1
0.064958,-1.0214,0.7292,1,1
0.130246,0.3477,0.556167,1,1
0.069763,-0.919,0.728887,1,1
0.171387,1.0798,0.44429,1,1
0.147712,0.6697,0.506088,1,1
0.070761,-0.8874,0.718882,1,1
0.180986,1.2711,0.398588,1,1
0.066811,-0.988,0.73523,1,1
0.354999,4.0027,0.02935,0.2855,1
0.343992,3.7819,0.055238,0.514,1
0.275378,2.6248,0.241884,0.865,1
0.339689,3.7029,0.065395,0.6183,1
0.313822,3.2669,0.126912,0.4566,1
0.209909,1.7458,0.324843,0.848,1
0.072126,-0.8586,0.718341,1,1
0.215772,1.8114,0.327545,0.6397,1
0.225703,1.9701,0.302015,1,1
0.198257,1.5001,0.391581,1,1
0.077451,-0.73,0.69901,1,1
0.188726,1.3461,0.415242,1,1
0.07736,-0.7256,0.693427,1,1
0.180355,1.2111,0.434631,1,1
0.082502,-0.596,0.667295,1,1
0.190025,1.387,0.398443,1,1
0.271519,2.6722,0.197445,0.9661,1
0.183538,1.2896,0.408477,1,1
0.338211,3.6764,0.06889,0.7073,1
0.287826,2.8587,0.189611,0.6673,1
0.081166,-0.6287,0.673504,1,1
0.089997,-0.4378,0.651939,1,1
0.085529,-0.5468,0.674704,1,1
0.111133,0.0734,0.533068,1,1
0.085025,-0.5637,0.681156,1,1
0.309826,3.2419,0.12143,0.5152,1
0.086646,-0.5387,0.686079,1,1
0.090567,-0.4575,0.678405,1,1
0.09589,-0.3426,0.66175,1,1
0.329617,3.5414,0.084713,0.3932,1
0.087818,-0.5113,0.681113,1,1
0.084877,-0.5637,0.67871,1,1
0.343446,3.7928,0.051238,0.3586,1
0.067548,-0.9678,0.730982,1,5
0.071363,-0.8636,0.708556,1,5
0.102428,-0.1749,0.615896,1,5
0.343701,3.7914,0.052164,0.3065,5
0.108527,0.0793,0.495115,1,5
0.077425,-0.6985,0.67038,1,5
0.352728,3.9663,0.032259,0.2819,5
0.241377,2.0795,0.344483,0.7184,5
0.350318,3.9192,0.037225,0.2366,5
0.106339,-0.0708,0.584733,1,5
0.110298,0.0677,0.526664,1,5
0.343554,3.8158,0.046013,0.1956,5
0.273852,2.6437,0.223719,0.6926,5
0.06097,-1.1586,0.775556,1,5
0.340747,3.7914,0.045551,0.1885,5
0.141608,0.7321,0.397132,1,5
0.147369,0.7987,0.408683,1,5
0.128705,0.6363,0.333641,0.9304,5
0.145559,0.9177,0.31489,0.9267,5
0.141602,0.9026,0.289776,0.4752,1
0.163357,1.1635,0.317219,0.6062,1
0.170498,1.2944,0.296531,1,1
0.158737,1.0886,0.324209,1,1
0.153909,1.014,0.328738,0.9849,1
0.073119,-0.7194,0.613959,1,1
0.085699,-0.5144,0.649114,1,1
0.333184,3.7144,0.046772,0.2091,1
0.323452,3.5265,0.071305,0.2866,1
0.208213,1.7578,0.305236,1,1
0.266289,2.6029,0.204107,0.3776,1
0.209798,1.7908,0.297024,1,1
0.260167,2.447,0.250328,0.2096,1
0.192,1.4966,0.342941,1,1
0.217796,1.8544,0.315926,0.7763,1
0.291409,2.8144,0.229471,0.1705,1
0.205622,1.7192,0.309574,0.3302,1
0.234384,2.0877,0.291552,0.534,1
0.267897,2.5803,0.223871,0.2172,1
0.255453,2.3734,0.262586,0.5509,1
0.295492,2.9496,0.183708,0.3251,1
0.199547,1.6865,0.285104,1,1
0.20932,1.8908,0.238189,0.6335,1
0.252133,2.3642,0.247819,0.7736,1
0.162383,1.0825,0.359643,0.4997,1
0.257971,2.5572,0.183348,0.8613,1
0.202755,1.7728,0.258722,0.6633,1
0.166444,1.2299,0.302499,0.8891,1
0.140125,0.6292,0.454125,1,1
0.277432,2.6802,0.224254,0.1117,1
0.205878,1.698,0.324266,0.85,1
0.23945,2.0565,0.345286,0.7193,1
0.313241,3.2576,0.128304,0.5016,1
0.229213,2.0339,0.288419,0.3584,1
0.347903,3.8565,0.046025,0.5714,1
0.252921,2.3326,0.269896,0.3986,1
0.209276,1.7262,0.332231,0.5975,1
0.275274,2.6954,0.205369,0.3896,1
0.252403,2.3105,0.27917,0.4492,1
0.188529,1.4173,0.365641,0.7015,1
0.205291,1.6855,0.327565,0.4152,1
0.197696,1.7107,0.258639,0.7729,1
0.214558,1.845,0.298643,0.4704,1
0.130518,0.4641,0.469668,1,1
0.331944,3.5212,0.098528,0.0506,1
0.234061,2.1084,0.277561,0.7215,1
0.23613,2.1029,0.294247,0.5233,1
0.160202,0.9296,0.443453,1,1
0.063328,-1.065,0.736681,1,1
0.144906,0.7937,0.387962,0.7268,1
0.330352,3.6041,0.068163,0.3384,1
0.079948,-0.6598,0.680008,1,1
0.352618,3.9904,0.027573,0.268,1
0.248303,2.2518,0.286892,1,1
0.321843,3.3973,0.10775,0.6273,1
0.119926,0.2912,0.475527,1,1
0.351326,3.9867,0.026117,0.2751,1
0.347937,3.9136,0.033843,0.2767,1
0.172226,1.2259,0.352639,0.5941,1
0.347507,3.912,0.033365,0.2944,1
0.106768,-0.1097,0.623378,1,1
0.085915,-0.4531,0.60031,1,1
0.187884,1.4182,0.35976,0.6302,1
0.351826,4.0427,0.017946,0.2832,1
0.165687,1.0091,0.440152,1,1
0.348759,3.9806,0.023109,0.2547,1
0.118341,0.1236,0.587092,1,1
0.339405,3.7842,0.044307,0.2718,1
0.105768,-0.1393,0.634142,1,1
0.072397,-0.7637,0.63914,1,1
0.101603,-0.2423,0.661674,1,1
0.341117,3.8302,0.037797,0.2987,1
0.13537,0.4011,0.575646,1,1
0.093478,-0.4326,0.703494,1,2
0.342955,3.8562,0.036001,0.2761,2
0.08708,-0.5758,0.727026,1,2
0.348221,3.9203,0.033055,0.2483,2
0.084052,-0.4585,0.575776,1,2
0.260832,2.4441,0.255776,0.7082,2
0.095924,-0.3967,0.710606,1,2
0.352697,3.9656,0.032345,0.2391,2
0.108076,-0.1461,0.673943,1,2
0.143149,0.5193,0.572947,1,2
0.344596,3.7838,0.056185,0.2734,2
0.099153,-0.3577,0.727033,1,2
0.095937,-0.277,0.606192,1,2
0.121304,0.288,0.494302,1,2
0.095029,-0.2627,0.580984,1,2
0.089706,-0.37,0.589808,1,2
0.098366,-0.164,0.548922,1,2
0.117083,0.2605,0.464619,1,2
0.080935,-0.6158,0.658155,1,2
0.115484,0.2051,0.486561,1,2
0.145559,0.9015,0.324792,1,2
0.147979,0.9715,0.303501,1,2
0.121871,0.4047,0.41611,0.8442,2
0.086197,-0.4391,0.593102,1,2
0.068737,-0.9017,0.693549,1,2
0.059674,-1.172,0.760558,1,2
0.13934,0.6869,0.405212,1,2
0.133515,0.6337,0.382445,0.9578,2
0.124893,0.4892,0.39072,0.9971,2
0.127217,0.5479,0.375588,1,2
0.137622,0.7692,0.334691,1,2
0.146928,0.9448,0.310469,1,2
0.137316,0.7173,0.364863,0.8858,2
0.13027,0.5571,0.400907,0.736,2
0.140518,0.7436,0.378702,1,2
0.115978,0.3837,0.366855,1,2
0.113482,0.3353,0.371938,1,2
0.118533,0.4199,0.370049,1,2
0.107317,0.1621,0.420055,0.9635,2
0.086054,-0.3719,0.536519,1,2
0.08722,-0.3893,0.567936,1,2
0.108911,0.0657,0.51036,1,2
0.070984,-0.7918,0.638321,1,2
0.044341,-1.4559,0.680861,1,2
0.026631,-1.9872,0.690275,1,2
0.041288,-1.4067,0.569691,1,2
0.090806,-0.1424,0.430691,0.683,2
0.112649,0.2125,0.447089,1,2
0.117654,0.336,0.417178,1,2
0.125322,0.4962,0.39048,1,2
0.139717,0.7701,0.353757,1,2
0.152691,0.9912,0.332236,1,2
0.145873,0.8551,0.356795,1,2
0.150039,0.9495,0.334774,1,2
0.151249,0.9784,0.327549,1,2
0.153273,1.0155,0.322304,1,2
0.146998,0.8847,0.348254,0.9675,2
0.147922,0.9102,0.340513,1,2
0.145982,0.8831,0.339999,1,2
0.139842,0.7585,0.36237,1,2
0.133966,0.6254,0.392612,1,2
0.132311,0.5893,0.400115,1,2
0.138703,0.7229,0.37467,1,2
0.139561,0.7442,0.369029,1,2
0.141126,0.7671,0.369063,0.9646,2
0.137406,0.6975,0.37877,1,2
0.128852,0.5284,0.405726,1,2
0.13539,0.6669,0.37914,1,2
0.0473,-1.5272,0.81751,1,2
0.038457,-1.7959,0.849819,1,2
0.030317,-2.0706,0.883031,1,2
0.034958,-1.9101,0.865772,1,2
0.03805,-1.8069,0.84921,1,2
0.039117,-1.7595,0.83391,1,2
0.037682,-1.7986,0.831534,1,2
0.040702,-1.7011,0.81954,1,2
0.063724,-1.0429,0.724321,1,2
0.10706,0.0071,0.531794,1,2
0.127266,0.5032,0.406217,0.7617,2
0.073125,-0.6921,0.591059,1,2
0.070571,-0.7729,0.61474,1,2
0.067131,-0.8811,0.645573,1,2
0.049843,-1.2907,0.658128,1,2
0.019856,-2.301,0.752951,1,2
0.004922,-3.0969,0.786509,1,2
0.006632,-2.9586,0.746548,1,2
0.025763,-1.9872,0.66382,1,2
0.046846,-1.341,0.636776,1,2
0.063342,-0.9147,0.604422,1,2
0.066303,-0.8431,0.598428,1,2
0.074763,-0.6091,0.550582,1,2
0.086261,-0.2747,0.465448,1,2
0.087787,-0.1864,0.422547,0.5624,2
0.081099,-0.308,0.418914,0.5398,2
0.070873,-0.5678,0.458326,0.7453,2
0.056954,-0.971,0.533619,1,5
0.048592,-1.2628,0.608091,1,2
0.0451,-1.3979,0.646898,1,2
0.055019,-1.1226,0.621008,1,2
0.068833,-0.7731,0.584676,1,2
0.083648,-0.426,0.543349,1,2
0.091526,-0.2413,0.513581,1,2
0.089808,-0.2721,0.513035,1,2
0.08538,-0.373,0.527463,1,2
0.077274,-0.567,0.557055,1,2
0.0648,-0.8884,0.609005,1,2
0.051908,-1.2526,0.669397,1,2
0.041993,-1.5258,0.687971,1,2
0.037593,-1.644,0.684098,1,2
0.038263,-1.6091,0.669827,1,2
0.046549,-1.3645,0.65088,1,2
0.051297,-1.2343,0.640472,1,2
0.053215,-1.1785,0.631856,1,2
0.053618,-1.1555,0.620896,1,2
0.047589,-1.3298,0.643079,1,2
0.039365,-1.58,0.672634,1,2
0.03467,-1.7375,0.692568,1,2
0.034913,-1.7258,0.688693,1,2
0.038762,-1.5784,0.656281,1,2
0.036738,-1.6498,0.668739,1,5
0.038374,-1.6021,0.667077,1,5
0.039982,-1.5513,0.662259,1,5
0.04328,-1.4473,0.649172,1,5
0.045186,-1.4056,0.656288,1,5
0.052339,-1.2218,0.651434,1,5
0.069032,-0.7823,0.595635,1,5
0.081559,-0.4896,0.562199,1,5
0.091479,-0.2606,0.527898,1,5
0.089714,-0.2869,0.523209,1,5
0.082323,-0.4233,0.521275,1,5
0.067684,-0.7627,0.5566,1,5
0.058193,-1.0191,0.595676,1,5
0.060065,-0.9739,0.593231,1,5
0.065075,-0.8677,0.596736,1,5
0.072823,-0.6767,0.573427,1,5
0.072648,-0.6891,0.580578,1,5
0.074842,-0.6271,0.566347,1,5
0.073869,-0.6594,0.576575,1,5
0.07704,-0.5884,0.570661,1,5
0.079806,-0.5299,0.567267,1,5
0.082735,-0.461,0.557367,1,5
0.092603,-0.2143,0.507855,1,5
0.062405,-0.9172,0.589509,1,5
0.063487,-0.8931,0.589125,1,5
0.063113,-0.8959,0.584853,1,5
0.057533,-1.0419,0.601983,1,5
0.051282,-1.2097,0.618944,1,5
0.051552,-1.1898,0.607863,1,4
0.055541,-1.0482,0.569353,1,4
0.068901,-0.6897,0.519193,1,4
0.074523,-0.567,0.513781,1,2
0.073019,-0.6513,0.556076,1,2
0.062269,-0.9234,0.592077,1,5
0.056836,-1.0491,0.594571,1,5
0.060543,-0.9205,0.558309,1,5
0.062927,-0.8586,0.551119,1,5
0.06513,-0.8179,0.557058,1,5
0.062078,-0.8945,0.564913,1,5
0.05606,-1.0414,0.573572,1,5
0.053297,-1.0969,0.56578,1,5
0.050761,-1.1707,0.575666,1,5
0.056853,-1,0.554885,1,5
0.057521,-1.0017,0.568592,1,5
0.053317,-1.1146,0.580524,1,5
0.047783,-1.2396,0.571558,1,5
0.040495,-1.4389,0.577954,1,5
0.043019,-1.327,0.542742,1,5
0.044716,-1.2782,0.539945,1,5
NA,NA,NA,NA,NA
NA,NA,NA,NA,NA
NA,NA,NA,NA,NA
NA,NA,NA,NA,NA
NA,NA,NA,NA,NA
NA,NA,NA,NA,NA
NA,NA,NA,NA,NA
NA,NA,NA,NA,NA
NA,NA,NA,NA,NA
NA,NA,NA,NA,NA
NA,NA,NA,NA,NA
NA,NA,NA,NA,NA
NA,NA,NA,NA,NA
NA,NA,NA,NA,NA
NA,NA,NA,NA,NA
NA,NA,NA,NA,NA
NA,NA,NA,NA,NA
NA,NA,NA,NA,NA
NA,NA,NA,NA,NA
NA,NA,NA,NA,NA
NA,NA,NA,NA,NA
NA,NA,NA,NA,NA
NA,NA,NA,NA,NA
NA,NA,NA,NA,NA
NA,NA,NA,NA,NA
NA,NA,NA,NA,NA
NA,NA,NA,NA,NA
NA,NA,NA,NA,NA
NA,NA,NA,NA,NA
NA,NA,NA,NA,NA
NA,NA,NA,NA,NA
NA,NA,NA,NA,NA
NA,NA,NA,NA,NA
NA,NA,NA,NA,NA
NA,NA,NA,NA,NA
NA,NA,NA,NA,NA
NA,NA,NA,NA,NA
NA,NA,NA,NA,NA
NA,NA,NA,NA,NA
NA,NA,NA,NA,NA
NA,NA,NA,NA,NA
NA,NA,NA,NA,NA
NA,NA,NA,NA,NA
NA,NA,NA,NA,NA
NA,NA,NA,NA,NA
NA,NA,NA,NA,NA
NA,NA,NA,NA,NA
NA,NA,NA,NA,NA
NA,NA,NA,NA,NA
NA,NA,NA,NA,NA
NA,NA,NA,NA,NA
NA,NA,NA,NA,NA
NA,NA,NA,NA,NA
NA,NA,NA,NA,NA
NA,NA,NA,NA,NA
NA,NA,NA,NA,NA
NA,NA,NA,NA,NA
NA,NA,NA,NA,NA
NA,NA,NA,NA,NA
NA,NA,NA,NA,NA
NA,NA,NA,NA,NA
NA,NA,NA,NA,NA
NA,NA,NA,NA,NA
NA,NA,NA,NA,NA
NA,NA,NA,NA,NA
NA,NA,NA,NA,NA
NA,NA,NA,NA,NA
NA,NA,NA,NA,NA
NA,NA,NA,NA,NA
NA,NA,NA,NA,NA
NA,NA,NA,NA,NA
NA,NA,NA,NA,NA
NA,NA,NA,NA,NA
NA,NA,NA,NA,NA
NA,NA,NA,NA,NA
NA,NA,NA,NA,NA
NA,NA,NA,NA,NA
NA,NA,NA,NA,NA
NA,NA,NA,NA,NA
NA,NA,NA,NA,NA
NA,NA,NA,NA,NA
NA,NA,NA,NA,NA
NA,NA,NA,NA,NA
NA,NA,NA,NA,NA
NA,NA,NA,NA,NA
NA,NA,NA,NA,NA
NA,NA,NA,NA,NA
NA,NA,NA,NA,NA
NA,NA,NA,NA,NA
NA,NA,NA,NA,NA
NA,NA,NA,NA,NA
NA,NA,NA,NA,NA
NA,NA,NA,NA,NA
NA,NA,NA,NA,NA
NA,NA,NA,NA,NA
NA,NA,NA,NA,NA
NA,NA,NA,NA,NA
NA,NA,NA,NA,NA
NA,NA,NA,NA,NA
NA,NA,NA,NA,NA
NA,NA,NA,NA,NA
NA,NA,NA,NA,NA
NA,NA,NA,NA,NA
NA,NA,NA,NA,NA
NA,NA,NA,NA,NA
NA,NA,NA,NA,NA
NA,NA,NA,NA,NA
NA,NA,NA,NA,NA
NA,NA,NA,NA,NA
NA,NA,NA,NA,NA
NA,NA,NA,NA,NA
NA,NA,NA,NA,NA
NA,NA,NA,NA,NA
NA,NA,NA,NA,NA
NA,NA,NA,NA,NA
NA,NA,NA,NA,NA
NA,NA,NA,NA,NA
NA,NA,NA,NA,NA
NA,NA,NA,NA,NA
NA,NA,NA,NA,NA
NA,NA,NA,NA,NA
NA,NA,NA,NA,NA
NA,NA,NA,NA,NA
NA,NA,NA,NA,NA
NA,NA,NA,NA,NA
NA,NA,NA,NA,NA
NA,NA,NA,NA,NA
NA,NA,NA,NA,NA
NA,NA,NA,NA,NA
NA,NA,NA,NA,NA
NA,NA,NA,NA,NA
NA,NA,NA,NA,NA
NA,NA,NA,NA,NA
NA,NA,NA,NA,NA
NA,NA,NA,NA,NA
NA,NA,NA,NA,NA
NA,NA,NA,NA,NA
NA,NA,NA,NA,NA
NA,NA,NA,NA,NA
NA,NA,NA,NA,NA
NA,NA,NA,NA,NA
NA,NA,NA,NA,NA
NA,NA,NA,NA,NA
NA,NA,NA,NA,NA
NA,NA,NA,NA,NA
NA,NA,NA,NA,NA
NA,NA,NA,NA,NA
NA,NA,NA,NA,NA
NA,NA,NA,NA,NA
NA,NA,NA,NA,NA
NA,NA,NA,NA,NA
NA,NA,NA,NA,NA
NA,NA,NA,NA,NA
NA,NA,NA,NA,NA
NA,NA,NA,NA,NA
NA,NA,NA,NA,NA
NA,NA,NA,NA,NA
NA,NA,NA,NA,NA
NA,NA,NA,NA,NA
NA,NA,NA,NA,NA
NA,NA,NA,NA,NA
NA,NA,NA,NA,NA
NA,NA,NA,NA,NA
NA,NA,NA,NA,NA
NA,NA,NA,NA,NA
NA,NA,NA,NA,NA
NA,NA,NA,NA,NA
NA,NA,NA,NA,NA
NA,NA,NA,NA,NA
NA,NA,NA,NA,NA
NA,NA,NA,NA,NA
NA,NA,NA,NA,NA
NA,NA,NA,NA,NA
NA,NA,NA,NA,NA
NA,NA,NA,NA,NA
NA,NA,NA,NA,NA
NA,NA,NA,NA,NA
NA,NA,NA,NA,NA
NA,NA,NA,NA,NA
NA,NA,NA,NA,NA
NA,NA,NA,NA,NA
NA,NA,NA,NA,NA
NA,NA,NA,NA,NA
NA,NA,NA,NA,NA
NA,NA,NA,NA,NA
NA,NA,NA,NA,NA
NA,NA,NA,NA,NA
NA,NA,NA,NA,NA
NA,NA,NA,NA,NA
NA,NA,NA,NA,NA
NA,NA,NA,NA,NA
NA,NA,NA,NA,NA
NA,NA,NA,NA,NA
NA,NA,NA,NA,NA
NA,NA,NA,NA,NA
NA,NA,NA,NA,NA
NA,NA,NA,NA,NA
NA,NA,NA,NA,NA
NA,NA,NA,NA,NA
NA,NA,NA,NA,NA
NA,NA,NA,NA,NA
NA,NA,NA,NA,NA
NA,NA,NA,NA,NA
NA,NA,NA,NA,NA
NA,NA,NA,NA,NA
NA,NA,NA,NA,NA
NA,NA,NA,NA,NA
NA,NA,NA,NA,NA
NA,NA,NA,NA,NA
NA,NA,NA,NA,NA
NA,NA,NA,NA,NA
NA,NA,NA,NA,NA
NA,NA,NA,NA,NA
NA,NA,NA,NA,NA
NA,NA,NA,NA,NA
NA,NA,NA,NA,NA
NA,NA,NA,NA,NA
NA,NA,NA,NA,NA
NA,NA,NA,NA,NA
NA,NA,NA,NA,NA
NA,NA,NA,NA,NA
NA,NA,NA,NA,NA
NA,NA,NA,NA,NA
NA,NA,NA,NA,NA
NA,NA,NA,NA,NA
NA,NA,NA,NA,NA
NA,NA,NA,NA,NA
NA,NA,NA,NA,NA
NA,NA,NA,NA,NA
NA,NA,NA,NA,NA
NA,NA,NA,NA,NA
NA,NA,NA,NA,NA
NA,NA,NA,NA,NA
NA,NA,NA,NA,NA
NA,NA,NA,NA,NA
NA,NA,NA,NA,NA
NA,NA,NA,NA,NA
NA,NA,NA,NA,NA
NA,NA,NA,NA,NA
NA,NA,NA,NA,NA
NA,NA,NA,NA,NA
NA,NA,NA,NA,NA
NA,NA,NA,NA,NA
NA,NA,NA,NA,NA
NA,NA,NA,NA,NA
NA,NA,NA,NA,NA
NA,NA,NA,NA,NA
NA,NA,NA,NA,NA
NA,NA,NA,NA,NA
NA,NA,NA,NA,NA
NA,NA,NA,NA,NA
NA,NA,NA,NA,NA
NA,NA,NA,NA,NA
NA,NA,NA,NA,NA
NA,NA,NA,NA,NA
NA,NA,NA,NA,NA
NA,NA,NA,NA,NA
NA,NA,NA,NA,NA
NA,NA,NA,NA,NA
NA,NA,NA,NA,NA
NA,NA,NA,NA,NA
NA,NA,NA,NA,NA
NA,NA,NA,NA,NA
NA,NA,NA,NA,NA
NA,NA,NA,NA,NA
NA,NA,NA,NA,NA
NA,NA,NA,NA,NA
NA,NA,NA,NA,NA
NA,NA,NA,NA,NA
NA,NA,NA,NA,NA
NA,NA,NA,NA,NA
NA,NA,NA,NA,NA
NA,NA,NA,NA,NA
NA,NA,NA,NA,NA
NA,NA,NA,NA,NA
NA,NA,NA,NA,NA
NA,NA,NA,NA,NA
NA,NA,NA,NA,NA
NA,NA,NA,NA,NA
NA,NA,NA,NA,NA
NA,NA,NA,NA,NA
NA,NA,NA,NA,NA
NA,NA,NA,NA,NA
NA,NA,NA,NA,NA
NA,NA,NA,NA,NA
NA,NA,NA,NA,NA
NA,NA,NA,NA,NA
NA,NA,NA,NA,NA
NA,NA,NA,NA,NA
NA,NA,NA,NA,NA
NA,NA,NA,NA,NA
NA,NA,NA,NA,NA
NA,NA,NA,NA,NA
NA,NA,NA,NA,NA
NA,NA,NA,NA,NA
NA,NA,NA,NA,NA
NA,NA,NA,NA,NA
NA,NA,NA,NA,NA
NA,NA,NA,NA,NA
NA,NA,NA,NA,NA
NA,NA,NA,NA,NA
NA,NA,NA,NA,NA
NA,NA,NA,NA,NA
NA,NA,NA,NA,NA
NA,NA,NA,NA,NA
NA,NA,NA,NA,NA
NA,NA,NA,NA,NA
NA,NA,NA,NA,NA
NA,NA,NA,NA,NA
NA,NA,NA,NA,NA
NA,NA,NA,NA,NA
NA,NA,NA,NA,NA
NA,NA,NA,NA,NA
NA,NA,NA,NA,NA
NA,NA,NA,NA,NA
NA,NA,NA,NA,NA
NA,NA,NA,NA,NA
NA,NA,NA,NA,NA
NA,NA,NA,NA,NA
NA,NA,NA,NA,NA
NA,NA,NA,NA,NA
NA,NA,NA,NA,NA
NA,NA,NA,NA,NA
NA,NA,NA,NA,NA
NA,NA,NA,NA,NA
NA,NA,NA,NA,NA
NA,NA,NA,NA,NA
NA,NA,NA,NA,NA
NA,NA,NA,NA,NA
NA,NA,NA,NA,NA
NA,NA,NA,NA,NA
NA,NA,NA,NA,NA
NA,NA,NA,NA,NA
NA,NA,NA,NA,NA
NA,NA,NA,NA,NA
NA,NA,NA,NA,NA
NA,NA,NA,NA,NA
NA,NA,NA,NA,NA
NA,NA,NA,NA,NA
NA,NA,NA,NA,NA
NA,NA,NA,NA,NA
NA,NA,NA,NA,NA
NA,NA,NA,NA,NA
NA,NA,NA,NA,NA
NA,NA,NA,NA,NA
NA,NA,NA,NA,NA
NA,NA,NA,NA,NA
NA,NA,NA,NA,NA
NA,NA,NA,NA,NA
NA,NA,NA,NA,NA
NA,NA,NA,NA,NA
NA,NA,NA,NA,NA
NA,NA,NA,NA,NA
NA,NA,NA,NA,NA
NA,NA,NA,NA,NA
NA,NA,NA,NA,NA
NA,NA,NA,NA,NA
NA,NA,NA,NA,NA
NA,NA,NA,NA,NA
NA,NA,NA,NA,NA
NA,NA,NA,NA,NA
NA,NA,NA,NA,NA
NA,NA,NA,NA,NA
NA,NA,NA,NA,NA
NA,NA,NA,NA,NA
NA,NA,NA,NA,NA
NA,NA,NA,NA,NA
NA,NA,NA,NA,NA
NA,NA,NA,NA,NA
NA,NA,NA,NA,NA
NA,NA,NA,NA,NA
NA,NA,NA,NA,NA
NA,NA,NA,NA,NA
NA,NA,NA,NA,NA
NA,NA,NA,NA,NA
NA,NA,NA,NA,NA
NA,NA,NA,NA,NA
NA,NA,NA,NA,NA
NA,NA,NA,NA,NA
NA,NA,NA,NA,NA
NA,NA,NA,NA,NA
NA,NA,NA,NA,NA
NA,NA,NA,NA,NA
NA,NA,NA,NA,NA
NA,NA,NA,NA,NA
NA,NA,NA,NA,NA
NA,NA,NA,NA,NA
NA,NA,NA,NA,NA
NA,NA,NA,NA,NA
NA,NA,NA,NA,NA
NA,NA,NA,NA,NA
NA,NA,NA,NA,NA
NA,NA,NA,NA,NA
NA,NA,NA,NA,NA
NA,NA,NA,NA,NA
NA,NA,NA,NA,NA
NA,NA,NA,NA,NA
NA,NA,NA,NA,NA
NA,NA,NA,NA,NA
NA,NA,NA,NA,NA
NA,NA,NA,NA,NA
NA,NA,NA,NA,NA
NA,NA,NA,NA,NA
NA,NA,NA,NA,NA
NA,NA,NA,NA,NA
NA,NA,NA,NA,NA
NA,NA,NA,NA,NA
NA,NA,NA,NA,NA
NA,NA,NA,NA,NA
NA,NA,NA,NA,NA
NA,NA,NA,NA,NA
NA,NA,NA,NA,NA
NA,NA,NA,NA,NA
NA,NA,NA,NA,NA
NA,NA,NA,NA,NA
NA,NA,NA,NA,NA
NA,NA,NA,NA,NA
NA,NA,NA,NA,NA
NA,NA,NA,NA,NA
NA,NA,NA,NA,NA
NA,NA,NA,NA,NA
NA,NA,NA,NA,NA
NA,NA,NA,NA,NA
NA,NA,NA,NA,NA
NA,NA,NA,NA,NA
NA,NA,NA,NA,NA
NA,NA,NA,NA,NA
NA,NA,NA,NA,NA
NA,NA,NA,NA,NA
NA,NA,NA,NA,NA
NA,NA,NA,NA,NA
NA,NA,NA,NA,NA
NA,NA,NA,NA,NA
NA,NA,NA,NA,NA
NA,NA,NA,NA,NA
NA,NA,NA,NA,NA
NA,NA,NA,NA,NA
NA,NA,NA,NA,NA
NA,NA,NA,NA,NA
NA,NA,NA,NA,NA
NA,NA,NA,NA,NA
NA,NA,NA,NA,NA
NA,NA,NA,NA,NA
NA,NA,NA,NA,NA
NA,NA,NA,NA,NA
NA,NA,NA,NA,NA
NA,NA,NA,NA,NA
NA,NA,NA,NA,NA
NA,NA,NA,NA,NA
NA,NA,NA,NA,NA
NA,NA,NA,NA,NA
NA,NA,NA,NA,NA
NA,NA,NA,NA,NA
NA,NA,NA,NA,NA
NA,NA,NA,NA,NA
NA,NA,NA,NA,NA
NA,NA,NA,NA,NA
NA,NA,NA,NA,NA
NA,NA,NA,NA,NA
NA,NA,NA,NA,NA
NA,NA,NA,NA,NA
NA,NA,NA,NA,NA
NA,NA,NA,NA,NA
NA,NA,NA,NA,NA
NA,NA,NA,NA,NA
NA,NA,NA,NA,NA
NA,NA,NA,NA,NA
NA,NA,NA,NA,NA
NA,NA,NA,NA,NA
NA,NA,NA,NA,NA
NA,NA,NA,NA,NA
NA,NA,NA,NA,NA
NA,NA,NA,NA,NA
NA,NA,NA,NA,NA
NA,NA,NA,NA,NA
NA,NA,NA,NA,NA
NA,NA,NA,NA,NA
NA,NA,NA,NA,NA
NA,NA,NA,NA,NA
NA,NA,NA,NA,NA
NA,NA,NA,NA,NA
NA,NA,NA,NA,NA
NA,NA,NA,NA,NA
NA,NA,NA,NA,NA
NA,NA,NA,NA,NA
NA,NA,NA,NA,NA
NA,NA,NA,NA,NA
NA,NA,NA,NA,NA
NA,NA,NA,NA,NA
NA,NA,NA,NA,NA
NA,NA,NA,NA,NA
NA,NA,NA,NA,NA
NA,NA,NA,NA,NA
NA,NA,NA,NA,NA
NA,NA,NA,NA,NA
NA,NA,NA,NA,NA
NA,NA,NA,NA,NA
NA,NA,NA,NA,NA
NA,NA,NA,NA,NA
NA,NA,NA,NA,NA
NA,NA,NA,NA,NA
NA,NA,NA,NA,NA
NA,NA,NA,NA,NA
NA,NA,NA,NA,NA
NA,NA,NA,NA,NA
NA,NA,NA,NA,NA
NA,NA,NA,NA,NA
NA,NA,NA,NA,NA
NA,NA,NA,NA,NA
NA,NA,NA,NA,NA
NA,NA,NA,NA,NA
NA,NA,NA,NA,NA
NA,NA,NA,NA,NA
NA,NA,NA,NA,NA
NA,NA,NA,NA,NA
NA,NA,NA,NA,NA
NA,NA,NA,NA,NA
NA,NA,NA,NA,NA
NA,NA,NA,NA,NA
NA,NA,NA,NA,NA
NA,NA,NA,NA,NA
NA,NA,NA,NA,NA
NA,NA,NA,NA,NA
NA,NA,NA,NA,NA
NA,NA,NA,NA,NA
NA,NA,NA,NA,NA
NA,NA,NA,NA,NA
NA,NA,NA,NA,NA
NA,NA,NA,NA,NA
NA,NA,NA,NA,NA
NA,NA,NA,NA,NA
NA,NA,NA,NA,NA
NA,NA,NA,NA,NA
NA,NA,NA,NA,NA
NA,NA,NA,NA,NA
NA,NA,NA,NA,NA
NA,NA,NA,NA,NA
NA,NA,NA,NA,NA
NA,NA,NA,NA,NA
NA,NA,NA,NA,NA
NA,NA,NA,NA,NA
NA,NA,NA,NA,NA
NA,NA,NA,NA,NA
NA,NA,NA,NA,NA
NA,NA,NA,NA,NA
NA,NA,NA,NA,NA
NA,NA,NA,NA,NA
NA,NA,NA,NA,NA
NA,NA,NA,NA,NA
NA,NA,NA,NA,NA
NA,NA,NA,NA,NA
NA,NA,NA,NA,NA
NA,NA,NA,NA,NA
NA,NA,NA,NA,NA
NA,NA,NA,NA,NA
NA,NA,NA,NA,NA
NA,NA,NA,NA,NA
NA,NA,NA,NA,NA
NA,NA,NA,NA,NA
NA,NA,NA,NA,NA
NA,NA,NA,NA,NA
NA,NA,NA,NA,NA
NA,NA,NA,NA,NA
NA,NA,NA,NA,NA
NA,NA,NA,NA,NA
NA,NA,NA,NA,NA
NA,NA,NA,NA,NA
NA,NA,NA,NA,NA
NA,NA,NA,NA,NA
NA,NA,NA,NA,NA
NA,NA,NA,NA,NA
NA,NA,NA,NA,NA
NA,NA,NA,NA,NA
NA,NA,NA,NA,NA
NA,NA,NA,NA,NA
NA,NA,NA,NA,NA
NA,NA,NA,NA,NA
NA,NA,NA,NA,NA
NA,NA,NA,NA,NA
NA,NA,NA,NA,NA
NA,NA,NA,NA,NA
NA,NA,NA,NA,NA
NA,NA,NA,NA,NA
NA,NA,NA,NA,NA
NA,NA,NA,NA,NA
NA,NA,NA,NA,NA
NA,NA,NA,NA,NA
NA,NA,NA,NA,NA
NA,NA,NA,NA,NA
NA,NA,NA,NA,NA
NA,NA,NA,NA,NA
NA,NA,NA,NA,NA
NA,NA,NA,NA,NA
NA,NA,NA,NA,NA
NA,NA,NA,NA,NA
NA,NA,NA,NA,NA
NA,NA,NA,NA,NA
NA,NA,NA,NA,NA
NA,NA,NA,NA,NA
NA,NA,NA,NA,NA
NA,NA,NA,NA,NA
NA,NA,NA,NA,NA
NA,NA,NA,NA,NA
NA,NA,NA,NA,NA
NA,NA,NA,NA,NA
NA,NA,NA,NA,NA
NA,NA,NA,NA,NA
NA,NA,NA,NA,NA
NA,NA,NA,NA,NA
NA,NA,NA,NA,NA
NA,NA,NA,NA,NA
NA,NA,NA,NA,NA
NA,NA,NA,NA,NA
NA,NA,NA,NA,NA
NA,NA,NA,NA,NA
NA,NA,NA,NA,NA
NA,NA,NA,NA,NA
NA,NA,NA,NA,NA
NA,NA,NA,NA,NA
NA,NA,NA,NA,NA
NA,NA,NA,NA,NA
NA,NA,NA,NA,NA
NA,NA,NA,NA,NA
NA,NA,NA,NA,NA
NA,NA,NA,NA,NA
NA,NA,NA,NA,NA
NA,NA,NA,NA,NA
NA,NA,NA,NA,NA
NA,NA,NA,NA,NA
NA,NA,NA,NA,NA
NA,NA,NA,NA,NA
NA,NA,NA,NA,NA
NA,NA,NA,NA,NA
NA,NA,NA,NA,NA
NA,NA,NA,NA,NA
NA,NA,NA,NA,NA
NA,NA,NA,NA,NA
NA,NA,NA,NA,NA
NA,NA,NA,NA,NA
NA,NA,NA,NA,NA
NA,NA,NA,NA,NA
NA,NA,NA,NA,NA
NA,NA,NA,NA,NA
NA,NA,NA,NA,NA
NA,NA,NA,NA,NA
NA,NA,NA,NA,NA
NA,NA,NA,NA,NA
NA,NA,NA,NA,NA
NA,NA,NA,NA,NA
NA,NA,NA,NA,NA
NA,NA,NA,NA,NA
NA,NA,NA,NA,NA
NA,NA,NA,NA,NA
NA,NA,NA,NA,NA
NA,NA,NA,NA,NA
NA,NA,NA,NA,NA
NA,NA,NA,NA,NA
NA,NA,NA,NA,NA
NA,NA,NA,NA,NA
NA,NA,NA,NA,NA
NA,NA,NA,NA,NA
NA,NA,NA,NA,NA
NA,NA,NA,NA,NA
NA,NA,NA,NA,NA
NA,NA,NA,NA,NA
NA,NA,NA,NA,NA
NA,NA,NA,NA,NA
NA,NA,NA,NA,NA
NA,NA,NA,NA,NA
NA,NA,NA,NA,NA
NA,NA,NA,NA,NA
NA,NA,NA,NA,NA
NA,NA,NA,NA,NA
NA,NA,NA,NA,NA
NA,NA,NA,NA,NA
NA,NA,NA,NA,NA
NA,NA,NA,NA,NA
NA,NA,NA,NA,NA
NA,NA,NA,NA,NA
NA,NA,NA,NA,NA
NA,NA,NA,NA,NA
NA,NA,NA,NA,NA
NA,NA,NA,NA,NA
NA,NA,NA,NA,NA
NA,NA,NA,NA,NA
NA,NA,NA,NA,NA
NA,NA,NA,NA,NA
NA,NA,NA,NA,NA
NA,NA,NA,NA,NA
NA,NA,NA,NA,NA
NA,NA,NA,NA,NA
NA,NA,NA,NA,NA
NA,NA,NA,NA,NA
NA,NA,NA,NA,NA
NA,NA,NA,NA,NA
NA,NA,NA,NA,NA
NA,NA,NA,NA,NA
NA,NA,NA,NA,NA
NA,NA,NA,NA,NA
NA,NA,NA,NA,NA
NA,NA,NA,NA,NA
NA,NA,NA,NA,NA
NA,NA,NA,NA,NA
NA,NA,NA,NA,NA
NA,NA,NA,NA,NA
NA,NA,NA,NA,NA
NA,NA,NA,NA,NA
NA,NA,NA,NA,NA
NA,NA,NA,NA,NA
NA,NA,NA,NA,NA
NA,NA,NA,NA,NA
NA,NA,NA,NA,NA
NA,NA,NA,NA,NA
NA,NA,NA,NA,NA
NA,NA,NA,NA,NA
